提出者名,提出者業種,経常利益率5,経常利益5,売上高5,new_vector,recommend
株式会社アイ・アールジャパンホールディングス,サービス業,0.4913749909319384,4070831,8284571,"[0.4913749909319384, 1.2, 1.5]",[  0  80 191  95 112]
株式会社リニカル,サービス業,0.05726393804100158,588634,10279314,"[0.05726393804100158, 1.2, 1.5]",[  1  40 187 219 147]
日本空調サービス株式会社,サービス業,0.06392415364583333,3142,49152,"[0.06392415364583333, 1.2, 1.5]",[ 89   2 216  85  57]
株式会社ケア２１,サービス業,0.03300720535510699,1121727,33984307,"[0.03300720535510699, 1.2, 1.5]",[ 48   3 193  23 137]
株式会社ロイヤルホテル,サービス業,-0.0297352602634608,-465,15638,"[-0.0297352602634608, 1.2, 1.5]",[  4 206 150  58 234]
大松産業株式会社,サービス業,0.012557051292613402,7621,606910,"[0.012557051292613402, 1.2, 1.5]",[  5 154  90 195  16]
株式会社リンクアンドモチベーション,サービス業,0.7409638554216867,1353,1826,"[0.7409638554216867, 1.2, 1.5]",[  6 235  26 152 146]
セコム上信越株式会社,サービス業,0.19133292257136988,4658,24345,"[0.19133292257136988, 1.2, 1.5]",[  7  31 181 179 200]
株式会社建設技術研究所,サービス業,0.08001227182083141,5216,65190,"[0.08001227182083141, 1.2, 1.5]",[225  47   8 223 244]
株式会社スペース,サービス業,0.0702752785088052,3264890,46458585,"[0.0702752785088052, 1.2, 1.5]",[  9  88 159  96 226]
株式会社スペース,サービス業,0.0724583627588584,3677027,50746758,"[0.0724583627588584, 1.2, 1.5]",[ 10 226 125  55  88]
株式会社スペース,サービス業,0.06824189834564952,3360482,49243677,"[0.06824189834564952, 1.2, 1.5]",[105  11 132 192 173]
株式会社スペース,サービス業,0.03462183854497372,1385846,40028088,"[0.03462183854497372, 1.2, 1.5]",[ 12 153 188 199 137]
株式会社スペース,サービス業,0.06291222026478326,3155119,50151131,"[0.06291222026478326, 1.2, 1.5]",[ 13  85 220  57 216]
株式会社テノ．ホールディングス,サービス業,0.05510084554939651,593927,10778909,"[0.05510084554939651, 1.2, 1.5]",[ 36  14 248  84 147]
株式会社レアジョブ,サービス業,0.1179637526852398,628974,5331926,"[0.1179637526852398, 1.2, 1.5]",[ 15  52 243 114  69]
福山観光開発株式会社,サービス業,0.013928745291962388,4349,312232,"[0.013928745291962388, 1.2, 1.5]",[154  16 195   5 207]
株式会社ヨシムラ・フード・ホールディングス,サービス業,0.024774521020973075,740157,29875734,"[0.024774521020973075, 1.2, 1.5]",[82 17 19 97 53]
株式会社ヨシムラ・フード・ホールディングス,サービス業,0.017721194794039042,420278,23716121,"[0.017721194794039042, 1.2, 1.5]",[ 18 236 230 207  77]
株式会社ヨシムラ・フード・ホールディングス,サービス業,0.025682612363840368,752229,29289427,"[0.025682612363840368, 1.2, 1.5]",[ 19  17  82 211  97]
株式会社ビー・エム・エル,サービス業,0.15012520657280384,20803,138571,"[0.15012520657280384, 1.2, 1.5]",[ 20 151 121 155 143]
こころネット株式会社,サービス業,0.019273812655731117,153923,7986121,"[0.019273812655731117, 1.2, 1.5]",[ 41  77 230  21  18]
株式会社ケアネット,サービス業,0.28404418091340505,1506676,5304372,"[0.28404418091340505, 1.2, 1.5]",[ 22 120 166 167  76]
川崎地質株式会社,サービス業,0.03344689643131585,256323,7663581,"[0.03344689643131585, 1.2, 1.5]",[137  23 188   3  48]
株式会社アルトナー,サービス業,0.1268978253521912,910457,7174725,"[0.1268978253521912, 1.2, 1.5]",[182  24 177  28  61]
ユナイテッド株式会社,サービス業,0.3455517935549767,5645808,16338529,"[0.3455517935549767, 1.2, 1.5]",[ 25 252  86 245  76]
株式会社メンバーズ,サービス業,0.6592162429834336,414678,629047,"[0.6592162429834336, 1.2, 1.5]",[ 26 152   6 146 235]
ＧＭＯ　ＴＥＣＨ株式会社,サービス業,0.00690158456109749,18612,2696772,"[0.00690158456109749, 1.2, 1.5]",[ 27 238 178 111 214]
株式会社日本ケアサプライ,サービス業,0.1254390875970389,2636445,21017731,"[0.1254390875970389, 1.2, 1.5]",[ 28 182  24 247  74]
株式会社ショーケース,サービス業,0.03145152277446312,48123,1530069,"[0.03145152277446312, 1.2, 1.5]",[ 29 171 203 239 122]
神戸天然物化学株式会社,サービス業,0.11234442910398992,677334,6029084,"[0.11234442910398992, 1.2, 1.5]",[ 30  68 128 123  69]
株式会社ミクシィ,サービス業,0.1929198199783773,23019,119319,"[0.1929198199783773, 1.2, 1.5]",[ 31   7 181 200 179]
株式会社プレステージ・インターナショナル,サービス業,0.1342533246215172,5453052,40617631,"[0.1342533246215172, 1.2, 1.5]",[ 32  94 253  51 162]
株式会社ダスキン,サービス業,0.04216397697440873,7083,167987,"[0.04216397697440873, 1.2, 1.5]",[ 81  33 117 131  78]
株式会社ダスキン,サービス業,0.04059853634619226,6707,165203,"[0.04059853634619226, 1.2, 1.5]",[ 34  39 130 156  50]
株式会社ダスキン,サービス業,0.046664195700518905,7554,161880,"[0.046664195700518905, 1.2, 1.5]",[ 42  35 196 209  60]
株式会社ダスキン,サービス業,0.05575324005936745,8978,161031,"[0.05575324005936745, 1.2, 1.5]",[ 14  36 248 147 187]
リゾートトラスト株式会社,サービス業,0.10533132781816662,17647,167538,"[0.10533132781816662, 1.2, 1.5]",[ 59  37 217 101 169]
株式会社要興業,サービス業,0.08518109680143134,937185,11002265,"[0.08518109680143134, 1.2, 1.5]",[ 38  54 119 250 135]
株式会社ウチヤマホールディングス,サービス業,0.03992944934939844,950148,23795670,"[0.03992944934939844, 1.2, 1.5]",[ 34  39  50 130 156]
株式会社Ｏｒｃｈｅｓｔｒａ　Ｈｏｌｄｉｎｇｓ,サービス業,0.057779911388446674,683279,11825546,"[0.057779911388446674, 1.2, 1.5]",[  1  40 219 187 147]
ソウルドアウト株式会社,サービス業,0.01969098522953588,402634,20447631,"[0.01969098522953588, 1.2, 1.5]",[ 77  41  21 230  53]
株式会社ワールドホールディングス,サービス業,0.04726581273376936,6786,143571,"[0.04726581273376936, 1.2, 1.5]",[ 42  35 196 232 209]
株式会社デジタルハーツホールディングス,サービス業,0.0871385469609777,1975394,22669577,"[0.0871385469609777, 1.2, 1.5]",[ 43 119  38 139  54]
シンメンテホールディングス株式会社,サービス業,0.048853944060165064,704477,14420064,"[0.048853944060165064, 1.2, 1.5]",[ 45 102 113 126  44]
シンメンテホールディングス株式会社,サービス業,0.048853944060165064,704477,14420064,"[0.048853944060165064, 1.2, 1.5]",[ 45 102 113 126  44]
株式会社博報堂ＤＹホールディングス,サービス業,0.038209572501804775,49594,1297947,"[0.038209572501804775, 1.2, 1.5]",[201  46 215  65 184]
株式会社カナモト,サービス業,0.07968590305663686,14268,179053,"[0.07968590305663686, 1.2, 1.5]",[225  47   8 223 218]
東洋テック株式会社,サービス業,0.032628622279711,848371,26000822,"[0.032628622279711, 1.2, 1.5]",[ 48   3 193  64  23]
株式会社ジェイエイシーリクルートメント,サービス業,0.2403997409086703,5196,21614,"[0.2403997409086703, 1.2, 1.5]",[ 49 255 104 202  92]
株式会社オリエンタルコンサルタンツホールディングス,サービス業,0.04037078337912359,2538552,62880920,"[0.04037078337912359, 1.2, 1.5]",[ 34  39 130 156  50]
株式会社スタジオアリス,サービス業,0.13654049668470014,4963591,36352519,"[0.13654049668470014, 1.2, 1.5]",[ 51  32  94 253 174]
ＷＤＢホールディングス株式会社,サービス業,0.11883922266661187,5243922,44126189,"[0.11883922266661187, 1.2, 1.5]",[ 52 114  15 208 243]
株式会社ベネッセホールディングス,サービス業,0.021659248101307274,9260,427531,"[0.021659248101307274, 1.2, 1.5]",[53 97 41 21 82]
株式会社タナベ経営,サービス業,0.08377025403827175,771820,9213533,"[0.08377025403827175, 1.2, 1.5]",[250  54 135 133 160]
セントラル警備保障株式会社,サービス業,0.07393132629602643,4986167,67443224,"[0.07393132629602643, 1.2, 1.5]",[125  55 221  10 226]
株式会社ディー・エヌ・エー,サービス業,0.09052532318724577,8256,91201,"[0.09052532318724577, 1.2, 1.5]",[ 56 139 127 157  70]
株式会社ヴィス,サービス業,0.06318502474259001,510241,8075347,"[0.06318502474259001, 1.2, 1.5]",[ 13  57 216  85  89]
ロングライフホールディング株式会社,サービス業,0.0008028683761469332,10622,13230064,"[0.0008028683761469332, 1.2, 1.5]",[234  58 150 240 183]
いであ株式会社,サービス業,0.10538500287845427,2109198,20014214,"[0.10538500287845427, 1.2, 1.5]",[ 59  37 217 101 169]
株式会社乃村工藝社,サービス業,0.04650256181777679,5010,107736,"[0.04650256181777679, 1.2, 1.5]",[141  35 196 209  60]
株式会社アルプス技研,サービス業,0.1285393611906203,4595762,35753733,"[0.1285393611906203, 1.2, 1.5]",[ 61 177  24 182 162]
日本管財株式会社,サービス業,0.07805116975913334,8127,104124,"[0.07805116975913334, 1.2, 1.5]",[148  62  98 218  73]
株式会社オンデック,サービス業,0.16935755067349087,137487,811815,"[0.16935755067349087, 1.2, 1.5]",[ 63 145 172 254 138]
株式会社ピアラ,サービス業,0.032216443778278696,469897,14585626,"[0.032216443778278696, 1.2, 1.5]",[193  64 122  48   3]
株式会社アルテサロンホールディングス,サービス業,0.03858000957350615,303530,7867546,"[0.03858000957350615, 1.2, 1.5]",[ 65 215 201 184  46]
共同ピーアール株式会社,サービス業,0.030272151580388512,151064,4990197,"[0.030272151580388512, 1.2, 1.5]",[ 67  66 239 210  29]
共同ピーアール株式会社,サービス業,0.030272151580388512,151064,4990197,"[0.030272151580388512, 1.2, 1.5]",[ 67  66 239 210  29]
フロンティア・マネジメント株式会社,サービス業,0.11085796953968656,575633,5192527,"[0.11085796953968656, 1.2, 1.5]",[ 68 123  30 136 128]
株式会社ＩＢＪ,サービス業,0.1161300134241085,1518052,13072004,"[0.1161300134241085, 1.2, 1.5]",[ 69 243  15 128  52]
株式会社タケエイ,サービス業,0.09255384907992964,3893,42062,"[0.09255384907992964, 1.2, 1.5]",[ 71  70 157 127 100]
株式会社タケエイ,サービス業,0.09255384907992964,3893,42062,"[0.09255384907992964, 1.2, 1.5]",[ 71  70 157 127 100]
ＴＤＳＥ株式会社,サービス業,0.051825694171677185,68611,1323880,"[0.051825694171677185, 1.2, 1.5]",[161  72 164 190 108]
りらいあコミュニケーションズ株式会社,サービス業,0.07688690704763995,9811,127603,"[0.07688690704763995, 1.2, 1.5]",[ 73  98  62 221 148]
株式会社アサンテ,サービス業,0.12280306160088796,1703535,13872089,"[0.12280306160088796, 1.2, 1.5]",[ 74 247  93  91 208]
ＮＴＴファイナンス株式会社,サービス業,0.05333195009157327,13366,250619,"[0.05333195009157327, 1.2, 1.5]",[197  75  84 164 194]
株式会社イトクロ,サービス業,0.2969088964472154,1146783,3862407,"[0.2969088964472154, 1.2, 1.5]",[ 76 166 120  22 167]
西菱電機株式会社,サービス業,0.019113191958138254,347,18155,"[0.019113191958138254, 1.2, 1.5]",[ 41  77 230  21  18]
株式会社サニックス,サービス業,0.04231423020883925,2091,49416,"[0.04231423020883925, 1.2, 1.5]",[ 81  33 140  78 131]
株式会社きんえい,サービス業,0.04430633127563376,126608,2857560,"[0.04430633127563376, 1.2, 1.5]",[ 79 237 213 131 141]
株式会社ユー・エス・エス,サービス業,0.4941101049763602,36996,74874,"[0.4941101049763602, 1.2, 1.5]",[ 80   0 191 134  95]
株式会社早稲田アカデミー,サービス業,0.04233935941417444,1077700,25453857,"[0.04233935941417444, 1.2, 1.5]",[ 81  33 117  78 131]
ＳＭＮ株式会社,サービス業,0.024229885167520192,293565,12115823,"[0.024229885167520192, 1.2, 1.5]",[82 17 19 97 53]
株式会社ナガワ,サービス業,0.15440375714674653,4537,29384,"[0.15440375714674653, 1.2, 1.5]",[ 83 158 143 155 121]
トランス・コスモス株式会社,サービス業,0.053542604895884416,18012,336405,"[0.053542604895884416, 1.2, 1.5]",[ 75 197  84 194 164]
応用地質株式会社,サービス業,0.0634373488147073,3147,49608,"[0.0634373488147073, 1.2, 1.5]",[13  2 57 89 85]
株式会社桑名カントリー倶楽部,サービス業,0.32544,48816,150000,"[0.32544, 1.2, 1.5]",[ 86  25 252  76 166]
多治見クラシック株式会社,サービス業,0.09512356868119724,10758,113095,"[0.09512356868119724, 1.2, 1.5]",[ 87 163 100 107  71]
オイシックス・ラ・大地株式会社,サービス業,0.07032710046871407,7037,100061,"[0.07032710046871407, 1.2, 1.5]",[  9  88 159  96 226]
株式会社府中カントリークラブ,サービス業,0.064017135738068,43934,686285,"[0.064017135738068, 1.2, 1.5]",[ 89   2  85 216  57]
備後観光開発株式会社,サービス業,0.011233517847235835,2693,239729,"[0.011233517847235835, 1.2, 1.5]",[ 90 186   5 195 154]
ブリッジインターナショナル株式会社,サービス業,0.1209577005270156,441035,3646192,"[0.1209577005270156, 1.2, 1.5]",[208  91 114  93  74]
セルソース株式会社,サービス業,0.2224804969077999,412807,1855475,"[0.2224804969077999, 1.2, 1.5]",[ 92 142 109 231 255]
ＣＤＳ株式会社,サービス業,0.12260180141226527,968598,7900357,"[0.12260180141226527, 1.2, 1.5]",[ 74  93 247  91 208]
セコム株式会社,サービス業,0.13417344178673962,138990,1035898,"[0.13417344178673962, 1.2, 1.5]",[ 32  94 253  51 162]
株式会社カカクコム,サービス業,0.4603587903639159,22454,48775,"[0.4603587903639159, 1.2, 1.5]",[ 95 112 191   0  80]
ハイアス・アンド・カンパニー株式会社,サービス業,0.06951651958365371,424032,6099730,"[0.06951651958365371, 1.2, 1.5]",[ 96  88 159   9  11]
ハイアス・アンド・カンパニー株式会社,サービス業,0.022041543155695724,174428,7913602,"[0.022041543155695724, 1.2, 1.5]",[97 53 82 41 17]
ハイアス・アンド・カンパニー株式会社,サービス業,0.07789795955584591,363082,4660995,"[0.07789795955584591, 1.2, 1.5]",[148  62  98 218  73]
イオンディライト株式会社,サービス業,0.050878917640002,15268,300085,"[0.050878917640002, 1.2, 1.5]",[ 99 110  72 198 161]
株式会社キタック,サービス業,0.09371625390067474,265994,2838291,"[0.09371625390067474, 1.2, 1.5]",[100  71  70  87 157]
株式会社アメイズ,サービス業,0.10499867759851893,1191,11343,"[0.10499867759851893, 1.2, 1.5]",[ 59  37 165 217 101]
株式会社協和コンサルタンツ,サービス業,0.04820405703203463,318793,6613406,"[0.04820405703203463, 1.2, 1.5]",[ 44  45 102 113  42]
株式会社日本動物高度医療センター,サービス業,0.14430726801747154,410963,2847833,"[0.14430726801747154, 1.2, 1.5]",[103 249 174 151  20]
ジャパンマテリアル株式会社,サービス業,0.25241385418932216,8896871,35247158,"[0.25241385418932216, 1.2, 1.5]",[104 202 180 204  49]
共栄セキュリティーサービス株式会社,サービス業,0.06787844096036427,419782,6184320,"[0.06787844096036427, 1.2, 1.5]",[132  11 173 192 105]
株式会社歌舞伎座,サービス業,0.05908494187412906,124445,2106205,"[0.05908494187412906, 1.2, 1.5]",[106  40 219   1 187]
株式会社コプロ・ホールディングス,サービス業,0.09703840757360577,1439718,14836579,"[0.09703840757360577, 1.2, 1.5]",[107 163  87 100  71]
株式会社ジオコード,サービス業,0.052288616561936035,155214,2968409,"[0.052288616561936035, 1.2, 1.5]",[108 161 164 194 190]
株式会社シーティーエス,サービス業,0.2133828250401284,2127,9968,"[0.2133828250401284, 1.2, 1.5]",[109 142 231 222  92]
ギグワークス株式会社,サービス業,0.05081508948630613,1004663,19770958,"[0.05081508948630613, 1.2, 1.5]",[110  99 161 198  72]
オーエス株式会社,サービス業,0.00586524907644602,35942,6127958,"[0.00586524907644602, 1.2, 1.5]",[111 205 214 238  27]
株式会社日本Ｍ＆Ａセンターホールディングス,サービス業,0.4578079064908822,16540813,36130466,"[0.4578079064908822, 1.2, 1.5]",[112  95 191   0  80]
株式会社リログループ,サービス業,0.04834788655977314,16129,333603,"[0.04834788655977314, 1.2, 1.5]",[ 44  45 102 113 126]
南部富士株式会社,サービス業,0.11965714285714285,6282,52500,"[0.11965714285714285, 1.2, 1.5]",[114 208  52  91  15]
アジャイルメディア・ネットワーク株式会社,サービス業,-0.17829351658577447,-118984,667349,"[-0.17829351658577447, 1.2, 1.5]",[115   4 206 150  58]
株式会社安芸ゴルフ倶楽部,サービス業,0.1593445002764537,65420,410557,"[0.1593445002764537, 1.2, 1.5]",[116 242 158  83 138]
イーサポートリンク株式会社,サービス業,0.041723043221307834,235869,5653207,"[0.041723043221307834, 1.2, 1.5]",[ 81  33 117 140  78]
株式会社エプコ,サービス業,0.10624965900844337,465438,4380607,"[0.10624965900844337, 1.2, 1.5]",[118 170 246 251 169]
株式会社エンバイオ・ホールディングス,サービス業,0.0866098072233606,592464,6840611,"[0.0866098072233606, 1.2, 1.5]",[ 43 119  38  54 139]
モーニングスター株式会社,サービス業,0.287977204399615,2155698,7485655,"[0.287977204399615, 1.2, 1.5]",[120  22 166  76 167]
株式会社エフアンドエム,サービス業,0.15154112430786065,1237291,8164721,"[0.15154112430786065, 1.2, 1.5]",[155 143 121 151  20]
株式会社イーエムネットジャパン,サービス業,0.031358962522050414,291825,9305952,"[0.031358962522050414, 1.2, 1.5]",[ 29 122 171 210 203]
表示灯株式会社,サービス業,0.11029496362388523,1460018,13237395,"[0.11029496362388523, 1.2, 1.5]",[123  68 136  30 246]
花月園観光株式会社,サービス業,0.03697851934969331,22047,596211,"[0.03697851934969331, 1.2, 1.5]",[175 124 201  46  65]
ソーバル株式会社,サービス業,0.07400629753823505,557403,7531832,"[0.07400629753823505, 1.2, 1.5]",[ 55 125 221  10 226]
株式会社デジタルホールディングス,サービス業,0.04909426820475847,4358,88768,"[0.04909426820475847, 1.2, 1.5]",[ 45  44 126 198 113]
キャリアリンク株式会社,サービス業,0.09156917757736907,2772391,30276465,"[0.09156917757736907, 1.2, 1.5]",[127 157  56  70  71]
Ｈ．Ｕ．グループホールディングス株式会社,サービス業,0.11415324461025217,25458,223016,"[0.11415324461025217, 1.2, 1.5]",[128  30  69 243  68]
システム・ロケーション株式会社,サービス業,0.4145659570160343,470949,1136005,"[0.4145659570160343, 1.2, 1.5]",[129 245 112  95 252]
株式会社ハリマビステム,サービス業,0.04025139235332127,973095,24175437,"[0.04025139235332127, 1.2, 1.5]",[ 34  39 130 156  50]
協立情報通信株式会社,サービス業,0.04274459181086989,192749,4509319,"[0.04274459181086989, 1.2, 1.5]",[ 33 131  81 213  78]
株式会社クリップコーポレーション,サービス業,0.0675319320917522,215885,3196784,"[0.0675319320917522, 1.2, 1.5]",[132  11 176 192 105]
株式会社鎌倉新書,サービス業,0.08269235579279109,267792,3238413,"[0.08269235579279109, 1.2, 1.5]",[133 160 250 135 168]
ファイズホールディングス株式会社,サービス業,0.5270381813283502,183891,348914,"[0.5270381813283502, 1.2, 1.5]",[134  80   0 146 191]
アライドアーキテクツ株式会社,サービス業,0.08309422099465963,348380,4192590,"[0.08309422099465963, 1.2, 1.5]",[133 250 135 160  54]
土佐観光施設株式会社,サービス業,0.10841276963654473,29718,274119,"[0.10841276963654473, 1.2, 1.5]",[136 246 123 251 118]
株式会社ビジネス・ブレークスルー,サービス業,0.034021090868830914,200350,5888994,"[0.034021090868830914, 1.2, 1.5]",[153  23 188 199 137]
三協フロンテア株式会社,サービス業,0.16491293609779384,7946,48183,"[0.16491293609779384, 1.2, 1.5]",[138 254 172  63 145]
株式会社ＪＰホールディングス,サービス業,0.0895664481321013,2947807,32911956,"[0.0895664481321013, 1.2, 1.5]",[139  56 127  43 157]
株式会社パレスホテル,サービス業,0.04182962081278694,738,17643,"[0.04182962081278694, 1.2, 1.5]",[117  33 140  78  81]
地盤ネットホールディングス株式会社,サービス業,0.04607713160256791,91684,1989794,"[0.04607713160256791, 1.2, 1.5]",[141 237  60 209 196]
バリューコマース株式会社,サービス業,0.21500387089980116,6271988,29171512,"[0.21500387089980116, 1.2, 1.5]",[142 109 231  92 222]
山田コンサルティンググループ株式会社,サービス業,0.15162590953404606,2322211,15315397,"[0.15162590953404606, 1.2, 1.5]",[155 143 121 151  20]
株式会社フォーラムエンジニアリング,サービス業,0.0820470282746682,2275,27728,"[0.0820470282746682, 1.2, 1.5]",[160 168 144 133 135]
株式会社関西ゴルフ倶楽部,サービス業,0.17021551786082115,35533,208753,"[0.17021551786082115, 1.2, 1.5]",[145  63 189 172 254]
名古屋競馬株式会社,サービス業,0.5678438661710037,2444,4304,"[0.5678438661710037, 1.2, 1.5]",[146 134 152  80   0]
クックパッド株式会社,サービス業,0.05682011208750658,605118,10649715,"[0.05682011208750658, 1.2, 1.5]",[  1 187 248 147 219]
伊豆シャボテンリゾート株式会社,サービス業,0.07859463170409069,168975,2149956,"[0.07859463170409069, 1.2, 1.5]",[ 98  62 218 148  47]
株式会社ダイセキ,サービス業,0.2028138948185523,10451,51530,"[0.2028138948185523, 1.2, 1.5]",[149 185 222 200 231]
株式会社エスクリ,サービス業,0.0001218555831299638,1577,12941549,"[0.0001218555831299638, 1.2, 1.5]",[150  58 234 240 183]
スバル興業株式会社,サービス業,0.15009067622615016,4121541,27460340,"[0.15009067622615016, 1.2, 1.5]",[ 20 151 121 155 143]
エムスリー株式会社,サービス業,0.6167177576085432,30781,49911,"[0.6167177576085432, 1.2, 1.5]",[152  26 146 134  80]
日本和装ホールディングス株式会社,サービス業,0.03444351241548284,156732,4550407,"[0.03444351241548284, 1.2, 1.5]",[ 12 153 188 137 199]
株式会社武蔵カントリー倶楽部,サービス業,0.013717663108306535,16330,1190436,"[0.013717663108306535, 1.2, 1.5]",[195 154  16   5  90]
ジャパンエレベーターサービスホールディングス株式会社,サービス業,0.15152090908964858,3715453,24521058,"[0.15152090908964858, 1.2, 1.5]",[155 143 121 151  20]
株式会社タカミヤ,サービス業,0.04044103059427974,1569601,38812092,"[0.04044103059427974, 1.2, 1.5]",[ 34 130 156  50  39]
株式会社福岡カンツリー倶楽部,サービス業,0.09231906022152353,12244,132627,"[0.09231906022152353, 1.2, 1.5]",[157  70  71 127 100]
株式会社小樽ゴルフ場,サービス業,0.15692061878583566,100961,643389,"[0.15692061878583566, 1.2, 1.5]",[158 242 116  83 143]
株式会社エラン,サービス業,0.06977128600815682,1501385,21518666,"[0.06977128600815682, 1.2, 1.5]",[  9  88  96 159  11]
株式会社エラン,サービス業,0.08245123263571734,2148379,26056360,"[0.08245123263571734, 1.2, 1.5]",[160 133 144 250 135]
ログリー株式会社,サービス業,0.051866520177886934,205452,3961168,"[0.051866520177886934, 1.2, 1.5]",[161  72 190 194 108]
平安レイサービス株式会社,サービス業,0.13095999820712734,1092750,8344151,"[0.13095999820712734, 1.2, 1.5]",[162 253  61 177  94]
株式会社ライドオンエクスプレスホールディングス,サービス業,0.09573955575161924,2430257,25384043,"[0.09573955575161924, 1.2, 1.5]",[163  87 107 100  71]
株式会社ＣＤＧ,サービス業,0.052468880034042535,609728,11620755,"[0.052468880034042535, 1.2, 1.5]",[164 108 190 194  72]
株式会社アイロムグループ,サービス業,0.1047574771424144,1352,12906,"[0.1047574771424144, 1.2, 1.5]",[165 101  37  59 217]
株式会社ベイカレント・コンサルティング,サービス業,0.2941066591949192,12596,42828,"[0.2941066591949192, 1.2, 1.5]",[166  76 120  22 167]
株式会社三好ゴルフ倶楽部,サービス業,0.2714079205852324,80546,296771,"[0.2714079205852324, 1.2, 1.5]",[167 204 180  22 202]
株式会社ウィザス,サービス業,0.08181714749662237,1331794,16277688,"[0.08181714749662237, 1.2, 1.5]",[144 168 133 135 160]
株式会社エスプール,サービス業,0.10609738683421392,2229,21009,"[0.10609738683421392, 1.2, 1.5]",[118 170 246 251 169]
株式会社エスプール,サービス業,0.10609738683421392,2229,21009,"[0.10609738683421392, 1.2, 1.5]",[118 170 246 251 169]
株式会社クリエアナブキ,サービス業,0.03134518160600658,196820,6279115,"[0.03134518160600658, 1.2, 1.5]",[ 29 171 203 210 122]
株式会社インフォマート,サービス業,0.16608253120329247,1457766,8777359,"[0.16608253120329247, 1.2, 1.5]",[172 254 138  63 145]
株式会社トーカイ,サービス業,0.06821513613368473,8050,118009,"[0.06821513613368473, 1.2, 1.5]",[173  11 192 105 132]
幼児活動研究会株式会社,サービス業,0.14100980776018954,775386,5498809,"[0.14100980776018954, 1.2, 1.5]",[174 249 103  51  32]
株式会社ケアサービス,サービス業,0.03678490582371555,319539,8686688,"[0.03678490582371555, 1.2, 1.5]",[175 124 201  46  65]
株式会社日宣,サービス業,0.06698536753442147,323499,4829398,"[0.06698536753442147, 1.2, 1.5]",[176 233 241 132 228]
株式会社シグマクシス・ホールディングス,サービス業,0.12818424143686796,1797699,14024337,"[0.12818424143686796, 1.2, 1.5]",[177  61  24 182 162]
株式会社ツクイスタッフ,サービス業,0.007523504749786925,57616,7658133,"[0.007523504749786925, 1.2, 1.5]",[178  27 238 111 214]
株式会社エス・エム・エス,サービス業,0.1850111234705228,6653,35960,"[0.1850111234705228, 1.2, 1.5]",[179 181 224   7  31]
株式会社ベネフィット・ワン,サービス業,0.2605110858592532,9858,37841,"[0.2605110858592532, 1.2, 1.5]",[180 204 202 104 167]
エン・ジャパン株式会社,サービス業,0.18581626682270333,7939,42725,"[0.18581626682270333, 1.2, 1.5]",[181 179   7 224  31]
フォースタートアップス株式会社,サービス業,0.12662601067318,161231,1273285,"[0.12662601067318, 1.2, 1.5]",[182  24  28 177  61]
株式会社成学社,サービス業,0.0041514847413974005,48331,11641859,"[0.0041514847413974005, 1.2, 1.5]",[183 205 240 214 111]
株式会社マネジメントソリューションズ,サービス業,0.03895137117923308,203647,5228237,"[0.03895137117923308, 1.2, 1.5]",[184 215  65  39 201]
株式会社船井総研ホールディングス,サービス業,0.203420306069445,5091,25027,"[0.203420306069445, 1.2, 1.5]",[185 149 222 200 231]
小野観光開発株式会社,サービス業,0.010159835355370324,5218,513591,"[0.010159835355370324, 1.2, 1.5]",[186  90   5 178  27]
株式会社ソラスト,サービス業,0.057213086963892185,6075,106182,"[0.057213086963892185, 1.2, 1.5]",[  1  40 187 219 147]
弁護士ドットコム株式会社,サービス業,0.03427198751427913,182261,5318075,"[0.03427198751427913, 1.2, 1.5]",[ 12 153 188 199 137]
株式会社エイジス,サービス業,0.17388708351103335,4862950,27966137,"[0.17388708351103335, 1.2, 1.5]",[189 145  63 224 172]
株式会社光ハイツ・ヴェラス,サービス業,0.05214275972630728,162106,3108888,"[0.05214275972630728, 1.2, 1.5]",[164 108 190 161  72]
株式会社ＭＳ−Ｊａｐａｎ,サービス業,0.4785545236424176,1612578,3369685,"[0.4785545236424176, 1.2, 1.5]",[191   0  80  95 112]
札幌臨床検査センター株式会社,サービス業,0.06788407445226248,1188144,17502544,"[0.06788407445226248, 1.2, 1.5]",[132  11 173 192 105]
ＴＡＣ株式会社,サービス業,0.032722049567889336,646254,19749802,"[0.032722049567889336, 1.2, 1.5]",[ 48   3  64 193 137]
富士ソフトサービスビューロ株式会社,サービス業,0.05252112924711205,554232,10552553,"[0.05252112924711205, 1.2, 1.5]",[108 161 164 197 194]
株式会社ジェイエスエス,サービス業,0.013869906991955646,90078,6494492,"[0.013869906991955646, 1.2, 1.5]",[154  16 195   5  90]
株式会社翻訳センター,サービス業,0.04693227451011652,465140,9910877,"[0.04693227451011652, 1.2, 1.5]",[ 42  35 196 209  60]
株式会社オールアバウト,サービス業,0.05308982132938345,917562,17283200,"[0.05308982132938345, 1.2, 1.5]",[164  75 194 197  84]
株式会社昴,サービス業,0.04985322526669145,182787,3666503,"[0.04985322526669145, 1.2, 1.5]",[198  44 126 110  45]
株式会社東京個別指導学院,サービス業,0.03384790334994573,647921,19142131,"[0.03384790334994573, 1.2, 1.5]",[188 199 137  23 153]
ディップ株式会社,サービス業,0.20006426880782774,6501042,32494768,"[0.20006426880782774, 1.2, 1.5]",[200 149 185 222  31]
株式会社アドウェイズ,サービス業,0.038069613683979986,1866195,49020592,"[0.038069613683979986, 1.2, 1.5]",[201 215  46  65 184]
ウェルビー株式会社,サービス業,0.2573411332173054,2104070,8176190,"[0.2573411332173054, 1.2, 1.5]",[202 180 104 204 167]
三井住友ファイナンス＆リース株式会社,サービス業,0.03135383402408271,45096,1438293,"[0.03135383402408271, 1.2, 1.5]",[ 29 171 203 122 239]
岡崎クラシック株式会社,サービス業,0.26242783348526283,51819,197460,"[0.26242783348526283, 1.2, 1.5]",[204 180 202 167 104]
ＡＢホテル株式会社,サービス業,0.005601725503634115,26548,4739254,"[0.005601725503634115, 1.2, 1.5]",[111 214 205 238 183]
株式会社山田クラブ２１,サービス業,-0.006836798659011298,-18770,2745437,"[-0.006836798659011298, 1.2, 1.5]",[206 150  58 234 240]
ＧＭＯアドパートナーズ株式会社,サービス業,0.01660577894572145,573224,34519549,"[0.01660577894572145, 1.2, 1.5]",[236 207  18 230  77]
株式会社エクストリーム,サービス業,0.1204526574340617,750501,6230672,"[0.1204526574340617, 1.2, 1.5]",[ 91 208 114  52  93]
ＲＰＡホールディングス株式会社,サービス業,0.046574220558736806,521932,11206457,"[0.046574220558736806, 1.2, 1.5]",[ 42  35 196 209  60]
株式会社ニッパンレンタル,サービス業,0.030525928650239058,249,8157,"[0.030525928650239058, 1.2, 1.5]",[ 67  66 171 210 122]
株式会社トライステージ,サービス業,0.027947675367550027,1335411,47782543,"[0.027947675367550027, 1.2, 1.5]",[211  19  67  66 210]
フルテック株式会社,サービス業,0.06141570792419964,703892,11461107,"[0.06141570792419964, 1.2, 1.5]",[212 220  13  57 216]
日総工産株式会社,サービス業,0.04323222846085057,2949,68213,"[0.04323222846085057, 1.2, 1.5]",[213 131  33  81  78]
インパクトホールディングス株式会社,サービス業,0.0057285620688883,63443,11074856,"[0.0057285620688883, 1.2, 1.5]",[111 214 205  27 238]
株式会社レントラックス,サービス業,0.038812949363588416,479344,12350105,"[0.038812949363588416, 1.2, 1.5]",[ 65 184 201 215  46]
アミタホールディングス株式会社,サービス業,0.06343538477830263,292327,4608264,"[0.06343538477830263, 1.2, 1.5]",[ 57   2 216  85  89]
株式会社クイック,サービス業,0.10573474418850523,2124185,20089754,"[0.10573474418850523, 1.2, 1.5]",[ 59  37 217 251 101]
株式会社ＣＬホールディングス,サービス業,0.07888114541752718,1351165,17129125,"[0.07888114541752718, 1.2, 1.5]",[218 148 225  62  98]
日本ハウズイング株式会社,サービス業,0.057312098254281664,6589,114967,"[0.057312098254281664, 1.2, 1.5]",[  1  40 187 219 147]
ＵＴグループ株式会社,サービス業,0.06245928550954999,7191,115131,"[0.06245928550954999, 1.2, 1.5]",[ 13 220 212  57  85]
株式会社ベクトル,サービス業,0.07505986216550438,2797747,37273543,"[0.07505986216550438, 1.2, 1.5]",[221 125  55  73  10]
ＷＤＢココ株式会社,サービス業,0.20509136060452468,527238,2570747,"[0.20509136060452468, 1.2, 1.5]",[222 185 149 231 200]
株式会社エル・ティー・エス,サービス業,0.08049699994690171,447220,5555735,"[0.08049699994690171, 1.2, 1.5]",[223 244   8 225  47]
株式会社エスクロー・エージェント・ジャパン,サービス業,0.17888414268633904,549687,3072866,"[0.17888414268633904, 1.2, 1.5]",[224 189 179 181 145]
株式会社識学,サービス業,0.07955746209098165,199371,2506000,"[0.07955746209098165, 1.2, 1.5]",[225  47   8 218 223]
株式会社インターネットインフィニティー,サービス業,0.07207182273454435,249992,3468651,"[0.07207182273454435, 1.2, 1.5]",[ 10 226  88   9 125]
株式会社ファンコミュニケーションズ,サービス業,0.10160153857056084,2985053,29379998,"[0.10160153857056084, 1.2, 1.5]",[227 165 101  37  59]
株式会社土木管理総合試験所,サービス業,0.0661012116662747,410355,6207980,"[0.0661012116662747, 1.2, 1.5]",[229 233 241 228 176]
南国産業開発株式会社,サービス業,0.0652383379840941,22140,339371,"[0.0652383379840941, 1.2, 1.5]",[229 228   2  89 241]
株式会社船場,サービス業,0.018815410272105072,408432,21707313,"[0.018815410272105072, 1.2, 1.5]",[ 77 230  21  18  41]
ギークス株式会社,サービス業,0.2082789741339675,713942,3427816,"[0.2082789741339675, 1.2, 1.5]",[231 222 185 109 149]
株式会社　出水ゴルフクラブ,サービス業,0.04715459280395951,12014,254779,"[0.04715459280395951, 1.2, 1.5]",[ 42  35 196 209  60]
株式会社イチネンホールディングス,サービス業,0.06671224848603242,7513,112618,"[0.06671224848603242, 1.2, 1.5]",[176 228 241 233 132]
日本エマージェンシーアシスタンス株式会社,サービス業,0.0008275295953988821,1863,2251279,"[0.0008275295953988821, 1.2, 1.5]",[234  58 150 240 183]
ＭＲＴ株式会社,サービス業,0.7645974218949126,140991,184399,"[0.7645974218949126, 1.2, 1.5]",[235   6  26 152 146]
株式会社市進ホールディングス,サービス業,0.017110166515706737,273892,16007559,"[0.017110166515706737, 1.2, 1.5]",[236  18 207 230  77]
楽天グループ株式会社,サービス業,0.045365770556436084,29825,657434,"[0.045365770556436084, 1.2, 1.5]",[141 237  79  60 209]
株式会社ダイオーズ,サービス業,0.0069192833879573356,161379,23323080,"[0.0069192833879573356, 1.2, 1.5]",[ 27 238 178 111 205]
パーソルホールディングス株式会社,サービス業,0.030679841215413124,29168,950722,"[0.030679841215413124, 1.2, 1.5]",[ 29  66  67 171 122]
ｎｍｓホールディングス株式会社,サービス業,0.002897340565877834,158939,54856858,"[0.002897340565877834, 1.2, 1.5]",[240 183  58 234 205]
株式会社クリーク・アンド・リバー社,サービス業,0.06660845994710744,2485437,37314134,"[0.06660845994710744, 1.2, 1.5]",[233 228 241 176 132]
株式会社グレイスヒルズカントリー倶楽部,サービス業,0.15818875119161105,16594,104900,"[0.15818875119161105, 1.2, 1.5]",[242 116 158  83 143]
いちご株式会社,サービス業,0.1169827923347673,7179,61368,"[0.1169827923347673, 1.2, 1.5]",[243  69  15  52 114]
株式会社トランスジェニック,サービス業,0.0807405193796674,891871,11046139,"[0.0807405193796674, 1.2, 1.5]",[223 244  47 168   8]
東京都競馬株式会社,サービス業,0.3918390378394807,11280801,28789375,"[0.3918390378394807, 1.2, 1.5]",[245 129 252  25 112]
株式会社メイテック,サービス業,0.106658663299733,10306,96626,"[0.106658663299733, 1.2, 1.5]",[118 170 246 251 169]
ビートレンド株式会社,サービス業,0.1235778485029493,105925,857152,"[0.1235778485029493, 1.2, 1.5]",[ 74 247  93  28  91]
株式会社ディーエムエス,サービス業,0.05661057223764369,1456550,25729293,"[0.05661057223764369, 1.2, 1.5]",[248 147 187   1  40]
株式会社フルキャストホールディングス,サービス業,0.14296950909175032,6180,43226,"[0.14296950909175032, 1.2, 1.5]",[249 103 174  51 151]
綜合警備保障株式会社,サービス業,0.08344399046646238,39212,469920,"[0.08344399046646238, 1.2, 1.5]",[135  54 250 133 160]
日本パレットプール株式会社,サービス業,0.10637923523748613,740660,6962449,"[0.10637923523748613, 1.2, 1.5]",[118 170 217 246 169]
株式会社ＡＬｉＮＫインターネット,サービス業,0.35202655371300257,215084,610988,"[0.35202655371300257, 1.2, 1.5]",[252  25  86 245  76]
株式会社ＮＪＳ,サービス業,0.13228781065078765,2507117,18951988,"[0.13228781065078765, 1.2, 1.5]",[253 162  32  94  61]
株式会社バリューＨＲ,サービス業,0.16549006358530868,743550,4493019,"[0.16549006358530868, 1.2, 1.5]",[254 172 138  63 145]
株式会社学情,サービス業,0.23986329380189245,1372019,5720004,"[0.23986329380189245, 1.2, 1.5]",[255  49 104  92 202]
